PID,Career,Pname ,Order ,PicAddress,Content
1,Machine Learning algorithm Engineer,"The Monotone, Continuity and Derivative of the Function",1,kfe} xrh ,|{mgfm{hu{
2,Machine Learning algorithm Engineer,Python,2,vv ~n~s~rvd,{p}nfpdx|
3,Machine Learning algorithm Engineer,Eigenvectors and Eigenvalues,3, {g|~~se~rq,nr}yl}x{s~p
4,Machine Learning algorithm Engineer, Hypothetical Test,4,u{io{zsjw ,kr~epnxf ru
5,Machine Learning algorithm Engineer,Normal Distribution &  Logarithmic Distribution,5,gnhrp||yvhk, s{|h endi
6,Machine Learning algorithm Engineer, Bayesian Probability,6,~evmogrep{},x}y}ffrhvwv
7,Machine Learning algorithm Engineer,String,7,eq|q{xteu,frkntu|rz
8,Machine Learning algorithm Engineer,Gradient Descent,8,emrqfix|ouq,~euimdxtmzx
9,Machine Learning algorithm Engineer,SQL,9,ffjtxjut~wl,qijphzvdtg
10,Machine Learning algorithm Engineer,Fourier's Series,10,rym|ldrzwt,zts~hvgedf
11,Machine Learning algorithm Engineer,temppoint11,11,d}yjqq|{keq,jnilptkwk
12,Machine Learning algorithm Engineer,temppoint12,12,rfhlgriksm,}rfw|vxr}qr
13,Machine Learning algorithm Engineer,temppoint13,13,lngwm qj~gv,~mgjhizihy 
14,Machine Learning algorithm Engineer,temppoint14,14,{ }utz}rnhy,~onezruzz
15,Machine Learning algorithm Engineer,temppoint15,15,vftdyjx|zjz,gd|krj~ztn{
16,Machine Learning algorithm Engineer,temppoint16,16,mf{ugloxoe,yo{fhx|m|
17,Machine Learning algorithm Engineer,temppoint17,17,oyvvfirdees,qvhvyjeney
18,Machine Learning algorithm Engineer,temppoint18,18,|~j}{}f{n,ezz}z}lwggl
19,Machine Learning algorithm Engineer,temppoint19,19,euunyuhknj,xeul|gokzx~
20,Machine Learning algorithm Engineer,temppoint20,20,h~sziie|uxi,nyueljshtnq
21,Machine Learning algorithm Engineer,temppoint21,21,hlrprkjzzu,gznhdxrqf }
22,Machine Learning algorithm Engineer,temppoint22,22,nuhqkemoje,poq }{hxhop
23,Machine Learning algorithm Engineer,temppoint23,23,rsrsow jqvn,dj~umv qwk
24,Machine Learning algorithm Engineer,temppoint24,24,n|ul }x~ine,i}|zl{mrgtm
25,Machine Learning algorithm Engineer,temppoint25,25, ynxpdvlwf,v fmpqtunde
26,Machine Learning algorithm Engineer,temppoint26,26,p le gzkt{,iqsmlv~kzt
27,Machine Learning algorithm Engineer,temppoint27,27,vefrufd~nh,ogom{|~isol
28,Machine Learning algorithm Engineer,temppoint28,28,|tv}}qlgwx,x}zqluzg z
29,Machine Learning algorithm Engineer,temppoint29,29,eegppegzwho,~yq}lvdpxx
30,Machine Learning algorithm Engineer,temppoint30,30,lmdw mzrnyt,ljgpumhif u
31,Machine Learning algorithm Engineer,temppoint31,31,ufkdpdgxjo,|flu kqj}
32,Machine Learning algorithm Engineer,temppoint32,32,|qvmigrwv,efgtw}psy~{
33,Machine Learning algorithm Engineer,temppoint33,33,ptonnip{yp ,vwmigovizjm
34,Machine Learning algorithm Engineer,temppoint34,34,wpo}tf~xp|p,f i{x rhr}
35,Machine Learning algorithm Engineer,temppoint35,35,}sx}zln q,lxflkdjykz
36,Machine Learning algorithm Engineer,temppoint36,36,xfo f{tox,qgey}rs|or
37,Machine Learning algorithm Engineer,temppoint37,37,ygsdmqweef,dh ms}e}rjn
38,Machine Learning algorithm Engineer,temppoint38,38,ylkh{xzepwp,jk{qzmjhum
39,Machine Learning algorithm Engineer,temppoint39,39,eutsjjhl ,wiitk|th}s|
40,Machine Learning algorithm Engineer,temppoint40,40,glgju{fvdtx,|jdwomrgxg
41,Machine Learning algorithm Engineer,temppoint41,41,dr}ovg gqo,f|iofr}g||
42,Machine Learning algorithm Engineer,temppoint42,42,pdlguuvwjor,ehegknnz
43,Machine Learning algorithm Engineer,temppoint43,43,v}rgw}xho,~dx|hoqpwyi
44,Machine Learning algorithm Engineer,temppoint44,44,uzgmuojresf,oq~p|pue|tt
45,Machine Learning algorithm Engineer,temppoint45,45,~ftgm}fmds,hizuwh}|r}
46,Machine Learning algorithm Engineer,temppoint46,46,hoh|{f ixnx, l~evprm|mj
47,Machine Learning algorithm Engineer,temppoint47,47, hphdx}gd,hxs|nh{m~vi
48,Machine Learning algorithm Engineer,temppoint48,48,zi|f|lggtwf,roi|flr}{mi
49,Machine Learning algorithm Engineer,temppoint49,49,fiw|~flrwu,j~ yellfe x
50,Machine Learning algorithm Engineer,temppoint50,50,ltjrsl{mvv,his|wvgrioy
51,Machine Learning algorithm Engineer,temppoint51,51,ohpndsdsgd,zgoueue~tvg
52,Machine Learning algorithm Engineer,temppoint52,52,zsljznqyu,g~ vkwlzis
53,Machine Learning algorithm Engineer,temppoint53,53,oylr~jfivp,kijjvdy{mvq
54,Machine Learning algorithm Engineer,temppoint54,54,rhvv}}dwezf,kdfop|fx|ut
55,Machine Learning algorithm Engineer,temppoint55,55,rvnqju~hxjf,uezfq rwro
56,Machine Learning algorithm Engineer,temppoint56,56,veyiovouzep,ix{fv{~slk
57,Machine Learning algorithm Engineer,temppoint57,57,xygdr}uznyr,ernxzlniq
58,Machine Learning algorithm Engineer,temppoint58,58,}l}zw~zyhv{,e q|igody
59,Machine Learning algorithm Engineer,temppoint59,59,|egqge~gdh~,d tszqhmylp
60,Machine Learning algorithm Engineer,temppoint60,60,o tuforysrs,uimpwrtql
61,Machine Learning algorithm Engineer,temppoint61,61,rqofmhm|hwj,dzhdoqjvrpz
62,Machine Learning algorithm Engineer,temppoint62,62,d|fwvuzjnim,opnhyq i~r
63,Machine Learning algorithm Engineer,temppoint63,63,nkx|gdv ~{,~{vyqnv}
64,Machine Learning algorithm Engineer,temppoint64,64,lirs{~{sttk,|pm|z|trf
65,Machine Learning algorithm Engineer,temppoint65,65,dsvmr~w inh, whsv ieyy
66,Machine Learning algorithm Engineer,temppoint66,66,zgmokki ei~,tw|zvov|~{ 
67,Machine Learning algorithm Engineer,temppoint67,67,~ hn{h|g}m,y{oqnlrtq
68,Machine Learning algorithm Engineer,temppoint68,68,ummwfrg~nn}, iqlsrzk
69,Machine Learning algorithm Engineer,temppoint69,69,xrpkni{ ~m,jd{pyzwivs
70,Machine Learning algorithm Engineer,temppoint70,70,juliqd~gxm,smtfer~wpe
71,Machine Learning algorithm Engineer,temppoint71,71,tfhqxpvfrj,ou{x v~lewx
72,Machine Learning algorithm Engineer,temppoint72,72,l j|h go|~f,t rq{owj}
73,Machine Learning algorithm Engineer,temppoint73,73,|xuj~udrw,gj~t{ejuooq
74,Machine Learning algorithm Engineer,temppoint74,74, {iiyjqriq,jpxqzlz}ks 
75,Machine Learning algorithm Engineer,temppoint75,75,vhiudn}g|k~,xdd~zusfhi
76,Machine Learning algorithm Engineer,temppoint76,76,wk{~qzy v g,t  xtnrsfq
77,Machine Learning algorithm Engineer,temppoint77,77,zq}lkqvyyns,nvvunkvjju
78,Machine Learning algorithm Engineer,temppoint78,78,qo|ezpn~e{,xsreuf}lwyh
79,Machine Learning algorithm Engineer,temppoint79,79,}vj|mp}jy,~rrkmxdqzwr
80,Machine Learning algorithm Engineer,temppoint80,80,vunok~xs~,{wgspyhllus
81,Machine Learning algorithm Engineer,temppoint81,81,}teiz~ppeh},txeerzphh
82,Machine Learning algorithm Engineer,temppoint82,82,us|wy|~fkh,gn uxu|mm~e
83,Machine Learning algorithm Engineer,temppoint83,83,hzzjf{}tdnp,l}iunff hh
84,Machine Learning algorithm Engineer,temppoint84,84,jvojyqxp~t,mvf iwjfug
85,Machine Learning algorithm Engineer,temppoint85,85,runyi~ghnig,{g}nyjx}h~
86,Machine Learning algorithm Engineer,temppoint86,86,iovttqj~hdy,~qedtn}stjx
87,Machine Learning algorithm Engineer,temppoint87,87,{zpxvtl|tu ,hhppz{ldr|o
88,Machine Learning algorithm Engineer,temppoint88,88,ewxulipwpn,{kdodmk}{w
89,Machine Learning algorithm Engineer,temppoint89,89,foypivfttdf,kzipyp jwo
90,Machine Learning algorithm Engineer,temppoint90,90,hhef ~exdkq,pomy}xdrn
91,Machine Learning algorithm Engineer,temppoint91,91,s~xzfdwiw,tejmm eeurq
92,Machine Learning algorithm Engineer,temppoint92,92,m|lom~{dkhw,df{enf|hjle
93,Machine Learning algorithm Engineer,temppoint93,93,j}kr}}ix~tq,fz ikhsz{m
94,Machine Learning algorithm Engineer,temppoint94,94,ypli|fostjl,frjhlmfule
95,Machine Learning algorithm Engineer,temppoint95,95,oz|vmwenkew,wjxkmlnnwqp
96,Machine Learning algorithm Engineer,temppoint96,96,xrferdqkjxk,}vk}d kiloz
97,Machine Learning algorithm Engineer,temppoint97,97,hvuz{|niei,tqpnyw}lrdj
98,Machine Learning algorithm Engineer,temppoint98,98,u{oxkmqod, hitfpgu
99,Machine Learning algorithm Engineer,temppoint99,99,{yud tenyx|,ofrptzkvo{
100,Machine Learning algorithm Engineer,temppoint100,100,}~likqvq}m}, u wl}}mwq
101,Machine Learning algorithm Engineer,temppoint101,101,gv}t}nwhkk},ii|yswzu t
102,Machine Learning algorithm Engineer,temppoint102,102,qotezkqwesp,{z~ tt|jo
103,Machine Learning algorithm Engineer,temppoint103,103,yrsrsm~|qer,rddw~fhxmu
104,Machine Learning algorithm Engineer,temppoint104,104,htnoddvuwdv,nvusiqni~
105,Machine Learning algorithm Engineer,temppoint105,105, ipvxhi~rt|,ojiwre~}g}
106,Machine Learning algorithm Engineer,temppoint106,106,ws}rkiq}pwy,~umkkfdrxg|
107,Machine Learning algorithm Engineer,temppoint107,107,py{fjwlmn}t, iyll~mse}i
108,Machine Learning algorithm Engineer,temppoint108,108,ompxrtzrg~,xft||~qeqfh
109,Machine Learning algorithm Engineer,temppoint109,109,iiimvopv{w|,l|ut iirvvd
110,Machine Learning algorithm Engineer,temppoint110,110,uyfkuxxk~zj,}sk{h{~qmk
111,Machine Learning algorithm Engineer,temppoint111,111,tlq lhdefu,iui|onsm}e
112,Machine Learning algorithm Engineer,temppoint112,112,whhvqkmpgv,}sswxzqd{
113,Machine Learning algorithm Engineer,temppoint113,113,uhgzg{o zs,zwpeme~sdm
114,Machine Learning algorithm Engineer,temppoint114,114,l}hz|l{}v,{qggid|r
115,Machine Learning algorithm Engineer,temppoint115,115, ~drnrn~nwf, t {uvdhke
116,Machine Learning algorithm Engineer,temppoint116,116,{yd}nwueh,p}omzwpsm{v
117,Machine Learning algorithm Engineer,temppoint117,117,rxo qn|}}tp,iqe~ qrkpu
118,Machine Learning algorithm Engineer,temppoint118,118,|dju}hf~j~,eo~v pzxu
119,Machine Learning algorithm Engineer,temppoint119,119, dpdlsywyu,epf|h{ pk
120,Machine Learning algorithm Engineer,temppoint120,120,vrgd qv{hk},luu}ixrr}rs
121,Machine Learning algorithm Engineer,temppoint121,121,qoleg}zmf},yiorg|s|vk
122,Machine Learning algorithm Engineer,temppoint122,122,u~vduqqkgm,{pjsl~rhrxn
123,Machine Learning algorithm Engineer,temppoint123,123,ynwhr|m|s|},}}jtfmf h{e
124,Machine Learning algorithm Engineer,temppoint124,124,}upzigwr|k, uzsxks{qqq
125,Machine Learning algorithm Engineer,temppoint125,125,|wk~isy,z{~}g|jjue
126,Machine Learning algorithm Engineer,temppoint126,126,owgqxjvlkjw,jhwwsw~oy}g
127,Machine Learning algorithm Engineer,temppoint127,127,}{zpmvkf|{,purhjypkvm
128,Machine Learning algorithm Engineer,temppoint128,128,yk~ieyliodm,nilrho~gmgx
129,Machine Learning algorithm Engineer,temppoint129,129,tgnq}s|wtl,nqqss khprm
130,Machine Learning algorithm Engineer,temppoint130,130,jlnvd}jsk|m,m}nssiw|h
131,Machine Learning algorithm Engineer,temppoint131,131,hkne gg{t,ypvxzmwdox
132,Machine Learning algorithm Engineer,temppoint132,132,}yiile | }~,f|g{joyw
133,Machine Learning algorithm Engineer,temppoint133,133,njrkuf}z,nlogqszn~ s
